El(ft),Storage(acre-feet),Area(acres)
190,0,0
190.1,0.09,0.12
190.2,0.18,0.23
190.3,0.27,0.35
190.4,0.37,0.47
190.5,0.46,0.58
190.6,0.55,0.7
190.7,0.64,0.82
190.8,0.73,0.93
190.9,0.82,1.05
191,0.91,1.17
191.1,1,1.29
191.2,1.1,1.4
191.3,1.19,1.52
191.4,1.28,1.64
191.5,1.37,1.75
191.6,1.46,1.87
191.7,1.55,1.99
191.8,1.64,2.1
191.9,1.74,2.22
192,1.83,2.34
192.1,1.92,2.45
192.2,2.01,2.57
192.3,2.1,2.69
192.4,2.19,2.8
192.5,2.28,2.92
192.6,2.37,3.04
192.7,2.47,3.15
192.8,2.56,3.27
192.9,2.65,3.39
193,2.74,3.51
193.1,2.83,3.62
193.2,2.92,3.74
193.3,3.01,3.86
193.4,3.11,3.97
193.5,3.2,4.09
193.6,3.29,4.21
193.7,3.38,4.32
193.8,3.47,4.44
193.9,3.56,4.56
194,3.65,4.67
194.1,3.74,4.79
194.2,3.84,4.91
194.3,3.93,5.02
194.4,4.02,5.14
194.5,4.11,5.26
194.6,4.2,5.37
194.7,4.29,5.49
194.8,4.38,5.61
194.9,4.47,5.73
195,4.57,5.84
195.1,4.66,5.96
195.2,4.75,6.08
195.3,4.84,6.19
195.4,4.93,6.31
195.5,5.02,6.43
195.6,5.11,6.54
195.7,5.21,6.66
195.8,5.3,6.78
195.9,5.39,6.89
196,5.48,7.01
196.1,5.57,7.13
196.2,5.66,7.24
196.3,5.75,7.36
196.4,5.84,7.48
196.5,5.94,7.59
196.6,6.03,7.71
196.7,6.12,7.83
196.8,6.21,7.95
196.9,6.3,8.06
197,6.39,8.18
197.1,6.48,8.3
197.2,6.58,8.41
197.3,6.67,8.53
197.4,6.76,8.65
197.5,6.85,8.76
197.6,6.94,8.88
197.7,7.03,9
197.8,7.12,9.11
197.9,7.21,9.23
198,7.31,9.35
198.1,7.4,9.46
198.2,7.49,9.58
198.3,7.58,9.7
198.4,7.67,9.81
198.5,7.76,9.93
198.6,7.85,10.05
198.7,7.95,10.16
198.8,8.04,10.28
198.9,8.13,10.4
199,8.22,10.52
199.1,8.31,10.63
199.2,8.4,10.75
199.3,8.49,10.87
199.4,8.58,10.98
199.5,8.68,11.1
199.6,8.77,11.22
199.7,8.86,11.33
199.8,8.95,11.45
199.9,9.04,11.57
200,9.13,11.68
200.1,9.22,11.8
200.2,9.32,11.92
200.3,9.41,12.03
200.4,9.5,12.15
200.5,9.59,12.27
200.6,9.68,12.38
200.7,9.77,12.5
200.8,9.86,12.62
200.9,9.95,12.74
201,10.05,12.85
201.1,10.14,12.97
201.2,10.23,13.09
201.3,10.32,13.2
201.4,10.41,13.32
201.5,10.5,13.44
201.6,10.59,13.55
201.7,10.68,13.67
201.8,10.78,13.79
201.9,10.87,13.9
202,10.96,14.02
202.1,11.05,14.14
202.2,11.14,14.25
202.3,11.23,14.37
202.4,11.32,14.49
202.5,11.42,14.6
202.6,11.51,14.72
202.7,11.6,14.84
202.8,11.69,14.96
202.9,11.78,15.07
203,11.87,15.19
203.1,11.96,15.31
203.2,12.05,15.42
203.3,12.15,15.54
203.4,12.24,15.66
203.5,12.33,15.77
203.6,12.42,15.89
203.7,12.51,16.01
203.8,12.6,16.12
203.9,12.69,16.24
204,12.79,16.36
204.1,12.88,16.47
204.2,12.97,16.59
204.3,13.06,16.71
204.4,13.15,16.82
204.5,13.24,16.94
204.6,13.33,17.06
204.7,13.42,17.18
204.8,13.52,17.29
204.9,13.61,17.41
205,13.7,17.53
205.1,13.79,17.64
205.2,13.88,17.76
205.3,13.97,17.88
205.4,14.06,17.99
205.5,14.16,18.11
205.6,14.25,18.23
205.7,14.34,18.34
205.8,14.43,18.46
205.9,14.52,18.58
206,14.61,18.69
206.1,14.7,18.81
206.2,14.79,18.93
206.3,14.89,19.04
206.4,14.98,19.16
206.5,15.07,19.28
206.6,15.16,19.4
206.7,15.25,19.51
206.8,15.34,19.63
206.9,15.43,19.75
207,15.53,19.86
207.1,15.62,19.98
207.2,15.71,20.1
207.3,15.8,20.21
207.4,15.89,20.33
207.5,15.98,20.45
207.6,16.07,20.56
207.7,16.16,20.68
207.8,16.26,20.8
207.9,16.35,20.91
208,16.44,21.03
208.1,16.53,21.15
208.2,16.62,21.26
208.3,16.71,21.38
208.4,16.8,21.5
208.5,16.89,21.62
208.6,16.99,21.73
208.7,17.08,21.85
208.8,17.17,21.97
208.9,17.26,22.08
209,17.35,22.2
209.1,17.44,22.32
209.2,17.53,22.43
209.3,17.63,22.55
209.4,17.72,22.67
209.5,17.81,22.78
209.6,17.9,22.9
209.7,17.99,23.02
209.8,18.08,23.13
209.9,18.17,23.25
210,18.26,23.37
210.1,18.36,23.48
210.2,18.45,23.6
210.3,18.54,23.72
210.4,18.63,23.84
210.5,18.72,23.95
210.6,18.81,24.07
210.7,18.9,24.19
210.8,19,24.3
210.9,19.09,24.42
211,19.18,24.54
211.1,19.27,24.65
211.2,19.36,24.77
211.3,19.45,24.89
211.4,19.54,25
211.5,19.63,25.12
211.6,19.73,25.24
211.7,19.82,25.35
211.8,19.91,25.47
211.9,20,25.59
212,21,25.7
212.1,22,25.82
212.2,23,25.94
212.3,24,26.05
212.4,25,26.17
212.5,26,26.29
212.6,27,26.41
212.7,28,26.52
212.8,29,26.64
212.9,30,26.76
213,31,26.87
213.1,32,26.99
213.2,33,27.11
213.3,34,27.22
213.4,35,27.34
213.5,36,27.46
213.6,38,27.57
213.7,39,27.69
213.8,40,27.81
213.9,41,27.92
214,42,28.04
214.1,44,28.16
214.2,45,28.27
214.3,46,28.39
214.4,47,28.51
214.5,49,28.63
214.6,50,28.74
214.7,51,28.86
214.8,53,28.98
214.9,54,29.09
215,55,29.21
215.1,57,29.33
215.2,58,29.44
215.3,59,29.56
215.4,61,29.68
215.5,62,29.79
215.6,64,29.91
215.7,65,30.03
215.8,67,30.14
215.9,68,30.26
216,69,30.38
216.1,71,30.49
216.2,73,30.61
216.3,74,30.73
216.4,76,30.85
216.5,78,30.96
216.6,79,31.08
216.7,81,31.2
216.8,83,31.31
216.9,85,31.43
217,87,31.55
217.1,89,31.66
217.2,92,31.78
217.3,94,31.9
217.4,96,32.01
217.5,98,32.13
217.6,101,32.25
217.7,103,32.36
217.8,106,32.48
217.9,109,32.6
218,111,32.71
218.1,114,32.83
218.2,117,32.95
218.3,120,33.07
218.4,122,33.18
218.5,125,33.3
218.6,129,33.42
218.7,132,33.53
218.8,135,33.65
218.9,138,33.77
219,141,33.88
219.1,145,34
219.2,148,36
219.3,152,37
219.4,156,38
219.5,159,39
219.6,163,40
219.7,167,42
219.8,172,43
219.9,176,44
220,180,45
220.1,185,46
220.2,190,47
220.3,194,49
220.4,199,50
220.5,204,51
220.6,210,52
220.7,215,53
220.8,220,55
220.9,226,56
221,231,57
221.1,237,58
221.2,243,59
221.3,249,60
221.4,255,62
221.5,261,63
221.6,268,64
221.7,274,65
221.8,281,66
221.9,287,68
222,294,69
222.1,301,70
222.2,308,71
222.3,315,72
222.4,323,73
222.5,330,73.67
222.6,337,74.33
222.7,345,75
222.8,352,76
222.9,360,77
223,368,78
223.1,376,79
223.2,384,80
223.3,392,81
223.4,400,82
223.5,408,83
223.6,417,84
223.7,425,85
223.8,434,86
223.9,442,87
224,451,88
224.1,460,89
224.2,469,90
224.3,478,91
224.4,487,92
224.5,496,93
224.6,505,93.67
224.7,515,94.33
224.8,524,95
224.9,534,96
225,543,97
225.1,553,98
225.2,563,99
225.3,573,99.67
225.4,583,100.33
225.5,593,101
225.6,603,102
225.7,614,103
225.8,624,103.67
225.9,634,104.33
226,645,105
226.1,655,106
226.2,666,107
226.3,677,107.67
226.4,687,108.33
226.5,698,109
226.6,709,110
226.7,720,111
226.8,731,111.67
226.9,743,112.33
227,754,113
227.1,765,114
227.2,777,115
227.3,788,115.67
227.4,800,116.33
227.5,812,117
227.6,823,118
227.7,835,119
227.8,847,119.67
227.9,859,120.33
228,871,121
228.1,883,122
228.2,896,122.67
228.3,908,123.33
228.4,920,124
228.5,933,124.67
228.6,945,125.33
228.7,958,126
228.8,970,127
228.9,983,127.67
229,996,128.33
229.1,1009,129
229.2,1022,130
229.3,1035,130.67
229.4,1048,131.33
229.5,1061,132
229.6,1074,132.67
229.7,1088,133.33
229.8,1101,134
229.9,1114,135
230,1128,135.67
230.1,1142,136.33
230.2,1155,137
230.3,1169,137.67
230.4,1183,138.33
230.5,1197,139
230.6,1211,140
230.7,1225,140.67
230.8,1239,141.33
230.9,1253,142
231,1267,143
231.1,1281,144
231.2,1296,145
231.3,1310,146
231.4,1325,147
231.5,1340,148
231.6,1355,150
231.7,1370,151
231.8,1385,152
231.9,1400,153
232,1416,154
232.1,1431,155
232.2,1447,157
232.3,1462,158
232.4,1478,159
232.5,1494,160
232.6,1510,161
232.7,1526,162
232.8,1543,163
232.9,1559,165
233,1576,166
233.1,1592,167
233.2,1609,168
233.3,1626,169
233.4,1643,170
233.5,1660,172
233.6,1677,173
233.7,1694,174
233.8,1712,175
233.9,1729,176
234,1747,177
234.1,1765,179
234.2,1783,180
234.3,1801,181
234.4,1819,183
234.5,1837,184
234.6,1856,185
234.7,1874,186
234.8,1893,188
234.9,1912,189
235,1931,190
235.1,1950,192
235.2,1969,193
235.3,1989,194
235.4,2008,196
235.5,2028,197
235.6,2048,198
235.7,2067,200
235.8,2087,201
235.9,2108,202
236,2128,204
236.1,2148,205
236.2,2169,206
236.3,2190,208
236.4,2210,209
236.5,2231,210
236.6,2252,211
236.7,2274,213
236.8,2295,214
236.9,2316,215
237,2338,217
237.1,2360,218
237.2,2382,219
237.3,2404,220
237.4,2426,221
237.5,2448,222
237.6,2470,223
237.7,2492,224
237.8,2515,225
237.9,2537,226
238,2560,228
238.1,2583,229
238.2,2606,230
238.3,2629,231
238.4,2652,232
238.5,2675,233
238.6,2699,234
238.7,2722,235
238.8,2746,236
238.9,2769,237
239,2793,238
239.1,2817,239
239.2,2841,241
239.3,2865,242
239.4,2889,243
239.5,2914,244
239.6,2938,245
239.7,2963,246
239.8,2987,247
239.9,3012,248
240,3037,249
240.1,3062,250
240.2,3087,251
240.3,3112,253
240.4,3138,254
240.5,3163,255
240.6,3188,256
240.7,3214,257
240.8,3240,258
240.9,3266,259
241,3292,260
241.1,3318,261
241.2,3344,262
241.3,3370,263
241.4,3396,264
241.5,3423,265
241.6,3449,266
241.7,3476,267
241.8,3503,268
241.9,3530,269
242,3557,270
242.1,3584,271
242.2,3611,272
242.3,3638,273
242.4,3665,274
242.5,3693,275
242.6,3720,276
242.7,3748,277
242.8,3775,277.67
242.9,3803,278.33
243,3831,279
243.1,3859,280
243.2,3887,281
243.3,3915,282
243.4,3944,283
243.5,3972,284
243.6,4001,285
243.7,4029,286
243.8,4058,287
243.9,4087,288
244,4115,289
244.1,4144,290
244.2,4173,291
244.3,4203,292
244.4,4232,294
244.5,4261,295
244.6,4291,296
244.7,4321,297
244.8,4350,298
244.9,4380,299
245,4410,300
245.1,4440,301
245.2,4470,303
245.3,4501,304
245.4,4531,305
245.5,4562,306
245.6,4592,307
245.7,4623,308
245.8,4654,309
245.9,4685,310
246,4716,312
246.1,4747,313
246.2,4779,314
246.3,4810,315
246.4,4842,316
246.5,4873,317
246.6,4905,318
246.7,4937,319
246.8,4969,320
246.9,5001,322
247,5033,323
247.1,5065,324
247.2,5098,325
247.3,5130,326
247.4,5163,327
247.5,5196,328
247.6,5229,329
247.7,5262,330
247.8,5295,331
247.9,5328,332
248,5361,333
248.1,5395,334
248.2,5428,335
248.3,5462,336
248.4,5495,337
248.5,5529,339
248.6,5563,340
248.7,5597,341
248.8,5631,342
248.9,5665,343
249,5700,344
249.1,5734,345
249.2,5769,346
249.3,5803,347
249.4,5838,348
249.5,5873,349
249.6,5908,350
249.7,5943,351
249.8,5978,352
249.9,6013,353
250,6049,354
250.1,6084,356
250.2,6120,357
250.3,6156,358
250.4,6192,359
250.5,6227,360
250.6,6264,362
250.7,6300,363
250.8,6336,364
250.9,6373,365
251,6409,366
251.1,6446,368
251.2,6483,369
251.3,6520,370
251.4,6557,371
251.5,6594,372
251.6,6631,373
251.7,6669,375
251.8,6706,376
251.9,6744,377
252,6781,378
252.1,6819,379
252.2,6857,381
252.3,6895,382
252.4,6934,383
252.5,6972,384
252.6,7011,385
252.7,7049,387
252.8,7088,388
252.9,7127,389
253,7166,390
253.1,7205,392
253.2,7244,393
253.3,7283,395
253.4,7323,396
253.5,7363,398
253.6,7403,399
253.7,7443,401
253.8,7483,402
253.9,7523,404
254,7563,405
254.1,7604,407
254.2,7645,408
254.3,7686,410
254.4,7727,411
254.5,7768,413
254.6,7809,414
254.7,7851,416
254.8,7892,417
254.9,7934,419
255,7976,420
255.1,8018,422
255.2,8060,423
255.3,8103,425
255.4,8145,426
255.5,8188,428
255.6,8231,429
255.7,8274,431
255.8,8317,432
255.9,8360,434
256,8404,435
256.1,8447,437
256.2,8491,438
256.3,8535,439
256.4,8579,441
256.5,8623,442
256.6,8667,443
256.7,8712,445
256.8,8756,446
256.9,8801,447
257,8846,449
257.1,8891,450
257.2,8936,452
257.3,8981,453
257.4,9026,454
257.5,9072,456
257.6,9118,457
257.7,9163,458
257.8,9209,460
257.9,9255,461
258,9301,462
258.1,9348,464
258.2,9394,465
258.3,9441,467
258.4,9488,468
258.5,9534,469
258.6,9581,471
258.7,9629,472
258.8,9676,473
258.9,9723,475
259,9771,476
259.1,9818,477
259.2,9866,479
259.3,9914,480
259.4,9962,481
259.5,10010,483
259.6,10059,484
259.7,10107,485
259.8,10156,486
259.9,10204,488
260,10253,489
260.1,10302,490
260.2,10351,492
260.3,10401,493
260.4,10450,494
260.5,10499,495
260.6,10549,497
260.7,10599,498
260.8,10649,499
260.9,10699,501
261,10749,502
261.1,10799,503
261.2,10849,505
261.3,10900,506
261.4,10951,507
261.5,11001,508
261.6,11052,510
261.7,11103,511
261.8,11155,512
261.9,11206,514
262,11257,515
262.1,11309,516
262.2,11361,518
262.3,11412,519
262.4,11464,521
262.5,11517,522
262.6,11569,524
262.7,11621,525
262.8,11674,527
262.9,11727,528
263,11780,530
263.1,11833,531
263.2,11886,533
263.3,11939,534
263.4,11993,536
263.5,12046,537
263.6,12100,539
263.7,12154,540
263.8,12208,542
263.9,12263,543
264,12317,545
264.1,12371,546
264.2,12426,548
264.3,12481,549
264.4,12536,551
264.5,12591,552
264.6,12646,554
264.7,12702,555
264.8,12758,557
264.9,12813,558
265,12869,560
265.1,12925,561
265.2,12981,563
265.3,13038,564
265.4,13094,565
265.5,13151,567
265.6,13208,568
265.7,13264,570
265.8,13321,571
265.9,13379,572
266,13436,574
266.1,13493,575
266.2,13551,577
266.3,13609,578
266.4,13667,579
266.5,13725,581
266.6,13783,582
266.7,13841,584
266.8,13900,585
266.9,13958,587
267,14017,588
267.1,14076,589
267.2,14135,591
267.3,14194,592
267.4,14253,594
267.5,14313,595
267.6,14372,596
267.7,14432,598
267.8,14492,599
267.9,14552,601
268,14612,602
268.1,14672,604
268.2,14733,605
268.3,14793,606
268.4,14854,608
268.5,14915,609
268.6,14976,611
268.7,15037,612
268.8,15098,613
268.9,15159,615
269,15221,616
269.1,15283,618
269.2,15345,619
269.3,15407,621
269.4,15469,622
269.5,15531,623
269.6,15593,625
269.7,15656,626
269.8,15719,628
269.9,15781,629
270,15844,630
270.1,15907,632
270.2,15971,633
270.3,16034,635
270.4,16098,636
270.5,16161,638
270.6,16225,639
270.7,16289,640
270.8,16353,642
270.9,16418,643
271,16482,645
271.1,16546,646
271.2,16611,648
271.3,16676,650
271.4,16741,651
271.5,16806,653
271.6,16872,654
271.7,16937,656
271.8,17003,658
271.9,17069,659
272,17135,661
272.1,17201,663
272.2,17267,664
272.3,17334,666
272.4,17400,668
272.5,17467,669
272.6,17534,671
272.7,17601,673
272.8,17669,674
272.9,17736,676
273,17804,677
273.1,17872,679
273.2,17940,681
273.3,18008,682
273.4,18076,684
273.5,18145,686
273.6,18213,687
273.7,18282,689
273.8,18351,691
273.9,18420,692
274,18490,694
274.1,18559,695
274.2,18629,697
274.3,18699,699
274.4,18768,700
274.5,18839,702
274.6,18909,703
274.7,18979,705
274.8,19050,707
274.9,19121,708
275,19191,710
275.1,19263,711
275.2,19334,713
275.3,19405,714
275.4,19477,716
275.5,19548,718
275.6,19620,719
275.7,19692,721
275.8,19764,722
275.9,19837,724
276,19909,726
276.1,19982,727
276.2,20055,729
276.3,20128,730
276.4,20201,732
276.5,20274,733
276.6,20347,735
276.7,20421,737
276.8,20495,738
276.9,20569,740
277,20643,741
277.1,20717,743
277.2,20791,744
277.3,20866,746
277.4,20940,747
277.5,21015,749
277.6,21090,750
277.7,21165,752
277.8,21240,753
277.9,21316,754
278,21391,756
278.1,21467,757
278.2,21543,759
278.3,21619,760
278.4,21695,762
278.5,21771,763
278.6,21847,765
278.7,21924,766
278.8,22001,767
278.9,22077,769
279,22154,770
279.1,22231,772
279.2,22309,773
279.3,22386,775
279.4,22464,776
279.5,22541,778
279.6,22619,779
279.7,22697,780
279.8,22775,782
279.9,22853,783
280,22932,785
280.1,23010,786
280.2,23089,788
280.3,23168,789
280.4,23247,791
280.5,23326,793
280.6,23406,794
280.7,23485,796
280.8,23565,797
280.9,23644,799
281,23724,800
281.1,23805,802
281.2,23885,803
281.3,23965,805
281.4,24046,806
281.5,24127,808
281.6,24207,810
281.7,24288,811
281.8,24370,813
281.9,24451,814
282,24533,816
282.1,24614,817
282.2,24696,819
282.3,24778,820
282.4,24860,822
282.5,24942,824
282.6,25025,825
282.7,25107,827
282.8,25190,828
282.9,25273,830
283,25356,831
283.1,25439,833
283.2,25523,835
283.3,25606,836
283.4,25690,838
283.5,25774,839
283.6,25858,841
283.7,25942,843
283.8,26026,844
283.9,26111,846
284,26196,848
284.1,26280,849
284.2,26365,851
284.3,26451,853
284.4,26536,854
284.5,26621,856
284.6,26707,857
284.7,26793,859
284.8,26879,861
284.9,26965,862
285,27051,864
285.1,27138,866
285.2,27225,867
285.3,27311,869
285.4,27398,871
285.5,27485,872
285.6,27573,874
285.7,27660,875
285.8,27748,877
285.9,27836,879
286,27924,880
286.1,28012,882
286.2,28100,884
286.3,28189,886
286.4,28277,887
286.5,28366,889
286.6,28455,891
286.7,28544,893
286.8,28633,894
286.9,28723,896
287,28813,898
287.1,28903,900
287.2,28993,901
287.3,29083,903
287.4,29173,905
287.5,29264,906
287.6,29354,908
287.7,29445,910
287.8,29536,912
287.9,29628,913
288,29719,915
288.1,29811,917
288.2,29903,919
288.3,29994,920
288.4,30087,922
288.5,30179,924
288.6,30271,926
288.7,30364,927
288.8,30457,929
288.9,30550,931
289,30643,932
289.1,30736,934
289.2,30830,936
289.3,30924,938
289.4,31018,940
289.5,31112,942
289.6,31206,944
289.7,31301,946
289.8,31395,948
289.9,31490,950
290,31585,952
290.1,31681,954
290.2,31776,956
290.3,31872,958
290.4,31968,960
290.5,32064,962
290.6,32160,964
290.7,32257,966
290.8,32354,968
290.9,32451,970
291,32548,972
291.1,32645,974
291.2,32743,976
291.3,32840,978
291.4,32938,980
291.5,33036,982
291.6,33135,984
291.7,33233,986
291.8,33332,988
291.9,33431,990
292,33530,992
292.1,33629,994
292.2,33729,997
292.3,33829,999
292.4,33929,1001
292.5,34029,1004
292.6,34129,1006
292.7,34230,1008
292.8,34331,1011
292.9,34432,1013
293,34534,1015
293.1,34635,1018
293.2,34737,1020
293.3,34839,1022
293.4,34942,1025
293.5,35044,1027
293.6,35147,1029
293.7,35250,1032
293.8,35353,1034
293.9,35457,1036
294,35561,1039
294.1,35664,1041
294.2,35769,1043
294.3,35873,1046
294.4,35978,1048
294.5,36083,1050
294.6,36188,1053
294.7,36293,1055
294.8,36399,1057
294.9,36505,1059
295,36611,1062
295.1,36717,1064
295.2,36824,1067
295.3,36930,1069
295.4,37037,1072
295.5,37145,1074
295.6,37252,1076
295.7,37360,1079
295.8,37468,1081
295.9,37576,1084
296,37685,1086
296.1,37793,1089
296.2,37902,1091
296.3,38012,1094
296.4,38121,1096
296.5,38231,1099
296.6,38341,1101
296.7,38451,1103
296.8,38562,1106
296.9,38672,1108
297,38783,1111
297.1,38894,1113
297.2,39006,1116
297.3,39118,1118
297.4,39229,1121
297.5,39342,1123
297.6,39454,1125
297.7,39567,1128
297.8,39680,1130
297.9,39793,1133
298,39906,1135
298.1,40020,1138
298.2,40134,1140
298.3,40248,1143
298.4,40362,1145
298.5,40477,1147
298.6,40592,1150
298.7,40707,1152
298.8,40822,1155
298.9,40938,1157
299,41054,1160
299.1,41170,1162
299.2,41286,1165
299.3,41403,1167
299.4,41520,1170
299.5,41637,1172
299.6,41754,1174
299.7,41871,1177
299.8,41989,1179
299.9,42107,1182
300,42226,1184
300.1,42344,1187
300.2,42463,1189
300.3,42582,1192
300.4,42701,1194
300.5,42821,1197
300.6,42941,1199
300.7,43061,1201
300.8,43181,1204
300.9,43301,1206
301,43422,1209
301.1,43543,1211
301.2,43664,1214
301.3,43786,1216
301.4,43908,1219
301.5,44030,1221
301.6,44152,1223
301.7,44274,1226
301.8,44397,1228
301.9,44520,1231
302,44643,1233
302.1,44767,1236
302.2,44890,1238
302.3,45014,1240
302.4,45138,1243
302.5,45263,1245
302.6,45387,1247
302.7,45512,1250
302.8,45637,1252
302.9,45763,1254
303,45888,1257
303.1,46014,1259
303.2,46140,1262
303.3,46266,1264
303.4,46393,1266
303.5,46520,1269
303.6,46647,1271
303.7,46774,1273
303.8,46901,1276
303.9,47029,1278
304,47157,1280
304.1,47285,1283
304.2,47413,1285
304.3,47542,1287
304.4,47671,1290
304.5,47800,1292
304.6,47929,1294
304.7,48059,1294
304.8,48189,1299
304.9,48319,1301
305,48449,1304
305.1,48579,1306
305.2,48710,1309
305.3,48841,1311
305.4,48972,1313
305.5,49104,1316
305.6,49235,1318
305.7,49367,1321
305.8,49500,1323
305.9,49632,1326
306,49765,1328
306.1,49898,1330
306.2,50031,1333
306.3,50164,1335
306.4,50298,1338
306.5,50432,1340
306.6,50566,1343
306.7,50700,1345
306.8,50835,1347
306.9,50970,1350
307,51105,1352
307.1,51240,1355
307.2,51376,1357
307.3,51512,1359
307.4,51648,1362
307.5,51784,1364
307.6,51921,1367
307.7,52057,1369
307.8,52194,1372
307.9,52332,1374
308,52469,1376
308.1,52607,1379
308.2,52745,1381
308.3,52883,1384
308.4,53022,1386
308.5,53160,1389
308.6,53299,1391
308.7,53439,1394
308.8,53578,1396
308.9,53718,1399
309,53858,1401
309.1,53998,1403
309.2,54139,1406
309.3,54279,1408
309.4,54420,1411
309.5,54561,1413
309.6,54703,1416
309.7,54845,1418
309.8,54987,1421
309.9,55129,1423
310,55271,1426
310.1,55414,1428
310.2,55557,1431
310.3,55700,1433
310.4,55843,1435
310.5,55987,1438
310.6,56131,1440
310.7,56275,1443
310.8,56420,1445
310.9,56564,1448
311,56709,1450
311.1,56855,1453
311.2,57000,1455
311.3,57145,1458
311.4,57291,1460
311.5,57437,1463
311.6,57584,1466
311.7,57730,1468
311.8,57877,1471
311.9,58025,1473
312,58172,1476
312.1,58320,1478
312.2,58468,1481
312.3,58616,1484
312.4,58764,1486
312.5,58913,1489
312.6,59062,1491
312.7,59211,1494
312.8,59361,1496
312.9,59511,1499
313,59661,1501
313.1,59811,1504
313.2,59962,1507
313.3,60112,1509
313.4,60263,1512
313.5,60415,1514
313.6,60566,1517
313.7,60718,1519
313.8,60870,1522
313.9,61022,1525
314,61175,1527
314.1,61328,1530
314.2,61481,1532
314.3,61634,1535
314.4,61788,1538
314.5,61942,1540
314.6,62096,1543
314.7,62251,1546
314.8,62405,1548
314.9,62560,1551
315,62715,1554
315.1,62871,1557
315.2,63027,1559
315.3,63183,1562
315.4,63339,1565
315.5,63496,1567
315.6,63653,1570
315.7,63810,1573
315.8,63967,1575
315.9,64125,1578
316,64283,1581
316.1,64441,1583
316.2,64599,1586
316.3,64758,1589
316.4,64917,1591
316.5,65076,1594
316.6,65236,1597
316.7,65396,1599
316.8,65556,1602
316.9,65716,1605
317,65877,1607
317.1,66037,1610
317.2,66199,1613
317.3,66360,1616
317.4,66522,1618
317.5,66684,1621
317.6,66846,1624
317.7,67009,1627
317.8,67171,1630
317.9,67334,1632
318,67498,1635
318.1,67661,1638
318.2,67825,1641
318.3,67990,1643
318.4,68154,1646
318.5,68319,1649
318.6,68484,1652
318.7,68649,1655
318.8,68815,1657
318.9,68981,1660
319,69147,1663
319.1,69313,1666
319.2,69480,1668
319.3,69647,1671
319.4,69814,1674
319.5,69982,1677
319.6,70149,1679
319.7,70318,1682
319.8,70486,1685
319.9,70655,1688
320,70823,1691
320.1,70993,1694
320.2,71162,1696
320.3,71332,1699
320.4,71502,1702
320.5,71672,1705
320.6,71843,1708
320.7,72014,1711
320.8,72185,1714
320.9,72357,1717
321,72529,1720
321.1,72701,1723
321.2,72873,1726
321.3,73046,1729
321.4,73219,1731
321.5,73392,1734
321.6,73566,1737
321.7,73740,1740
321.8,73914,1743
321.9,74088,1746
322,74263,1749
322.1,74438,1752
322.2,74613,1755
322.3,74789,1758
322.4,74965,1761
322.5,75141,1764
322.6,75318,1767
322.7,75495,1769
322.8,75672,1772
322.9,75849,1775
323,76027,1778
323.1,76205,1781
323.2,76383,1785
323.3,76562,1788
323.4,76740,1791
323.5,76920,1794
323.6,77099,1797
323.7,77279,1800
323.8,77459,1803
323.9,77640,1807
324,77821,1810
324.1,78002,1813
324.2,78183,1816
324.3,78365,1819
324.4,78547,1822
324.5,78729,1825
324.6,78912,1829
324.7,79095,1832
324.8,79278,1835
324.9,79462,1838
325,79646,1841
325.1,79830,1844
325.2,80015,1847
325.3,80200,1851
325.4,80385,1854
325.5,80571,1857
325.6,80756,1860
325.7,80943,1863
325.8,81129,1866
325.9,81316,1870
326,81503,1873
326.1,81690,1876
326.2,81878,1880
326.3,82066,1883
326.4,82255,1887
326.5,82444,1890
326.6,82633,1894
326.7,82822,1897
326.8,83012,1900
326.9,83202,1904
327,83393,1907
327.1,83584,1911
327.2,83775,1914
327.3,83967,1918
327.4,84159,1921
327.5,84351,1925
327.6,84544,1928
327.7,84737,1932
327.8,84930,1935
327.9,85124,1939
328,85318,1942
328.1,85512,1946
328.2,85707,1949
328.3,85902,1952
328.4,86097,1956
328.5,86293,1959
328.6,86489,1963
328.7,86686,1966
328.8,86882,1970
328.9,87080,1973
329,87277,1977
329.1,87475,1980
329.2,87673,1984
329.3,87872,1988
329.4,88071,1992
329.5,88270,1996
329.6,88470,1999
329.7,88670,2003
329.8,88871,2007
329.9,89072,2011
330,89273,2015
330.1,89474,2018
330.2,89676,2022
330.3,89879,2026
330.4,90082,2030
330.5,90285,2034
330.6,90488,2037
330.7,90692,2041
330.8,90897,2045
330.9,91101,2049
331,91306,2053
331.1,91512,2056
331.2,91718,2060
331.3,91924,2064
331.4,92130,2068
331.5,92337,2072
331.6,92545,2075
331.7,92752,2079
331.8,92961,2083
331.9,93169,2087
332,93378,2090
332.1,93587,2095
332.2,93797,2099
332.3,94007,2103
332.4,94217,2107
332.5,94428,2112
332.6,94640,2116
332.7,94852,2120
332.8,95064,2124
332.9,95276,2128
333,95489,2132
333.1,95703,2137
333.2,95917,2141
333.3,96131,2145
333.4,96346,2149
333.5,96561,2153
333.6,96776,2158
333.7,96992,2162
333.8,97209,2166
333.9,97425,2170
334,97643,2174
334.1,97860,2178
334.2,98078,2183
334.3,98297,2187
334.4,98516,2191
334.5,98735,2195
334.6,98955,2199
334.7,99175,2203
334.8,99395,2208
334.9,99616,2212
335,99838,2216
335.1,100060,2220
335.2,100282,2224
335.3,100504,2229
335.4,100728,2233
335.5,100951,2237
335.6,101175,2241
335.7,101399,2245
335.8,101624,2249
335.9,101849,2254
336,102075,2258
336.1,102301,2262
336.2,102527,2266
336.3,102754,2270
336.4,102981,2275
336.5,103209,2279
336.6,103437,2283
336.7,103665,2287
336.8,103894,2291
336.9,104124,2295
337,104353,2300
337.1,104584,2304
337.2,104814,2308
337.3,105045,2312
337.4,105277,2316
337.5,105508,2320
337.6,105741,2325
337.7,105973,2329
337.8,106206,2333
337.9,106440,2337
338,106674,2341
338.1,106908,2346
338.2,107143,2350
338.3,107378,2354
338.4,107614,2359
338.5,107850,2363
338.6,108086,2367
338.7,108323,2372
338.8,108561,2376
338.9,108798,2380
339,109037,2385
339.1,109275,2389
339.2,109515,2393
339.3,109754,2398
339.4,109994,2402
339.5,110235,2406
339.6,110475,2411
339.7,110717,2415
339.8,110958,2420
339.9,111201,2424
340,111443,2428
340.1,111686,2433
340.2,111930,2437
340.3,112174,2441
340.4,112418,2446
340.5,112663,2450
340.6,112908,2454
340.7,113154,2459
340.8,113400,2463
340.9,113646,2467
341,113893,2472
341.1,114140,2476
341.2,114388,2480
341.3,114637,2484
341.4,114885,2489
341.5,115134,2493
341.6,115384,2497
341.7,115634,2502
341.8,115884,2506
341.9,116135,2510
342,116386,2514
342.1,116638,2519
342.2,116890,2523
342.3,117142,2527
342.4,117395,2531
342.5,117649,2536
342.6,117902,2540
342.7,118157,2544
342.8,118411,2549
342.9,118666,2553
343,118922,2557
343.1,119178,2561
343.2,119434,2566
343.3,119691,2570
343.4,119948,2574
343.5,120206,2578
343.6,120464,2583
343.7,120722,2587
343.8,120981,2591
343.9,121240,2595
344,121500,2600
344.1,121760,2604
344.2,122021,2609
344.3,122282,2614
344.4,122544,2618
344.5,122806,2623
344.6,123068,2627
344.7,123331,2632
344.8,123595,2637
344.9,123859,2641
345,124123,2646
345.1,124388,2650
345.2,124653,2655
345.3,124919,2660
345.4,125185,2664
345.5,125452,2669
345.6,125719,2673
345.7,125986,2678
345.8,126254,2683
345.9,126523,2687
346,126792,2692
346.1,127061,2697
346.2,127331,2701
346.3,127601,2706
346.4,127872,2710
346.5,128144,2715
346.6,128415,2720
346.7,128687,2724
346.8,128960,2729
346.9,129233,2733
347,129507,2738
347.1,129781,2743
347.2,130055,2748
347.3,130330,2753
347.4,130606,2758
347.5,130882,2763
347.6,131158,2768
347.7,131435,2773
347.8,131713,2777
347.9,131991,2782
348,132269,2787
348.1,132548,2792
348.2,132828,2797
348.3,133108,2802
348.4,133388,2807
348.5,133669,2812
348.6,133951,2817
348.7,134233,2822
348.8,134515,2827
348.9,134798,2832
349,135081,2837
349.1,135365,2842
349.2,135650,2847
349.3,135935,2852
349.4,136220,2856
349.5,136506,2861
349.6,136792,2866
349.7,137079,2871
349.8,137367,2876
349.9,137655,2881
350,137943,2886
350.1,138232,2891
350.2,138521,2897
350.3,138811,2902
350.4,139102,2908
350.5,139393,2913
350.6,139684,2918
350.7,139976,2924
350.8,140269,2929
350.9,140562,2935
351,140856,2940
351.1,141150,2945
351.2,141445,2951
351.3,141740,2956
351.4,142036,2961
351.5,142333,2967
351.6,142630,2972
351.7,142927,2978
351.8,143225,2983
351.9,143524,2988
352,143823,2994
352.1,144122,2999
352.2,144423,3005
352.3,144723,3010
352.4,145025,3015
352.5,145326,3021
352.6,145629,3026
352.7,145932,3031
352.8,146235,3037
352.9,146539,3042
353,146843,3048
353.1,147149,3054
353.2,147454,3060
353.3,147760,3066
353.4,148067,3072
353.5,148375,3078
353.6,148683,3084
353.7,148992,3090
353.8,149301,3096
353.9,149611,3102
354,149921,3108
354.1,150232,3114
354.2,150544,3120
354.3,150856,3126
354.4,151169,3132
354.5,151483,3138
354.6,151797,3144
354.7,152112,3150
354.8,152427,3156
354.9,152743,3162
355,153060,3168
355.1,153377,3175
355.2,153694,3181
355.3,154013,3187
355.4,154332,3193
355.5,154651,3199
355.6,154971,3205
355.7,155292,3211
355.8,155614,3217
355.9,155936,3223
356,156258,3229
356.1,156581,3236
356.2,156905,3243
356.3,157230,3250
356.4,157555,3257
356.5,157882,3265
356.6,158208,3272
356.7,158536,3279
356.8,158864,3286
356.9,159193,3293
357,159523,3300
357.1,159853,3307
357.2,160184,3315
357.3,160516,3332
357.4,160849,3329
357.5,161182,3336
357.6,161516,3343
357.7,161851,3350
357.8,162186,3357
357.9,162522,3365
358,162859,3372
358.1,163196,3379
358.2,163535,3386
358.3,163874,3393
358.4,164213,3400
358.5,164554,3407
358.6,164895,3415
358.7,165237,3422
358.8,165579,3429
358.9,165922,3436
359,166266,3443
359.1,166611,3451
359.2,166957,3458
359.3,167303,3466
359.4,167650,3473
359.5,167997,3481
359.6,168346,3489
359.7,168695,3496
359.8,169045,3504
359.9,169396,3511
360,169747,3519
360.1,170100,3527
360.2,170453,3534
360.3,170807,3542
360.4,171161,3549
360.5,171516,3557
360.6,171872,3564
360.7,172229,3572
360.8,172587,3580
360.9,172945,3587
361,173304,3595
361.1,173664,3602
361.2,174025,3610
361.3,174386,3617
361.4,174748,3625
361.5,175111,3633
361.6,175475,3640
361.7,175839,3648
361.8,176204,3655
361.9,176570,3663
362,176937,3670
362.1,177304,3679
362.2,177672,3687
362.3,178042,3695
362.4,178411,3703
362.5,178782,3711
362.6,179154,3719
362.7,179526,3727
362.8,179899,3735
362.9,180273,3743
363,180648,3752
363.1,181023,3760
363.2,181400,3768
363.3,181777,3776
363.4,182155,3784
363.5,182534,3792
363.6,182913,3800
363.7,183294,3808
363.8,183675,3817
363.9,184057,3825
364,184440,3833
364.1,184824,3841
364.2,185208,3849
364.3,185593,3857
364.4,185979,3865
364.5,186366,3873
364.6,186754,3881
364.7,187143,3890
364.8,187532,3898
364.9,187922,3906
365,188313,3914
365.1,188705,3923
365.2,189098,3932
365.3,189491,3941
365.4,189886,3949
365.5,190281,3958
365.6,190678,3967
365.7,191075,3976
365.8,191473,3985
365.9,191872,3994
366,192272,4003
366.1,192672,4012
366.2,193074,4020
366.3,193476,4029
366.4,193880,4038
366.5,194284,4047
366.6,194689,4056
366.7,195095,4065
366.8,195502,4074
366.9,195910,4083
367,196319,4091
367.1,196728,4100
367.2,197139,4109
367.3,197550,4118
367.4,197962,4127
367.5,198375,4136
367.6,198789,4145
367.7,199204,4154
367.8,199620,4162
367.9,200037,4171
368,200454,4180
368.1,200873,4188
368.2,201292,4197
368.3,201712,4205
368.4,202133,4213
368.5,202555,4222
368.6,202977,4230
368.7,203401,4238
368.8,203825,4246
368.9,204250,4255
369,204676,4263
369.1,205103,4271
369.2,205530,4279
369.3,205959,4288
369.4,206388,4296
369.5,206818,4304
369.6,207249,4313
369.7,207680,4321
369.8,208113,4329
369.9,208546,4337
370,208980,4346
370.1,209415,4354
370.2,209851,4362
370.3,210288,4370
370.4,210725,4379
370.5,211163,4387
370.6,211602,4395
370.7,212042,4403
370.8,212483,4412
370.9,212925,4420
371,213367,4428
371.1,213810,4436
371.2,214254,4443
371.3,214699,4451
371.4,215144,4458
371.5,215591,4466
371.6,216038,4473
371.7,216485,4481
371.8,216934,4488
371.9,217383,4496
372,217833,4503
372.1,218284,4511
372.2,218735,4518
372.3,219187,4526
372.4,219640,4533
372.5,220094,4541
372.6,220548,4548
372.7,221004,4556
372.8,221460,4563
372.9,221916,4571
373,222374,4578
373.1,222832,4586
373.2,223291,4593
373.3,223751,4601
373.4,224211,4608
373.5,224672,4616
373.6,225134,4623
373.7,225597,4631
373.8,226060,4638
373.9,226524,4646
374,226989,4653
374.1,227455,4660
374.2,227921,4668
374.3,228389,4675
374.4,228857,4682
374.5,229325,4690
374.6,229794,4697
374.7,230264,4704
374.8,230735,4712
374.9,231207,4719
375,231679,4726
375.1,232152,4733
375.2,232626,4741
375.3,233100,4748
375.4,233575,4755
375.5,234051,4763
375.6,234528,4770
375.7,235005,4777
375.8,235483,4785
375.9,235962,4792
376,236442,4799
376.1,236922,4806
376.2,237403,4814
376.3,237885,4821
376.4,238367,4828
376.5,238850,4836
376.6,239334,4843
376.7,239819,4850
376.8,240304,4858
376.9,240790,4865
377,241277,4872
377.1,241765,4880
377.2,242253,4888
377.3,242742,4895
377.4,243232,4903
377.5,243723,4911
377.6,244214,4918
377.7,244707,4926
377.8,245200,4934
377.9,245693,4942
378,246188,4949
378.1,246683,4957
378.2,247179,4965
378.3,247676,4972
378.4,248174,4980
378.5,248672,4988
378.6,249171,4996
378.7,249671,5003
378.8,250172,5011
378.9,250674,5019
379,251176,5026
379.1,251679,5034
379.2,252183,5042
379.3,252687,5050
379.4,253193,5057
379.5,253699,5065
379.6,254206,5073
379.7,254713,5080
379.8,255222,5088
379.9,255731,5096
380,256241,5104
380.1,256751,5111
380.2,257263,5118
380.3,257775,5126
380.4,258288,5133
380.5,258802,5141
380.6,259316,5148
380.7,259831,5156
380.8,260347,5163
380.9,260864,5171
381,261382,5178
381.1,261900,5186
381.2,262419,5193
381.3,262938,5201
381.4,263459,5208
381.5,263980,5215
381.6,264502,5223
381.7,265025,5230
381.8,265548,5238
381.9,266072,5245
382,266597,5253
382.1,267123,5260
382.2,267649,5268
382.3,268176,5275
382.4,268704,5283
382.5,269233,5290
382.6,269762,5298
382.7,270292,5305
382.8,270823,5312
382.9,271355,5320
383,271887,5327
383.1,272420,5334
383.2,272954,5341
383.3,273488,5348
383.4,274024,5355
383.5,274559,5362
383.6,275096,5369
383.7,275633,5376
383.8,276171,5383
383.9,276710,5390
384,277249,5397
384.1,277789,5404
384.2,278330,5411
384.3,278871,5418
384.4,279413,5425
384.5,279956,5431
384.6,280500,5438
384.7,281044,5445
384.8,281589,5452
384.9,282134,5459
385,282681,5466
385.1,283228,5473
385.2,283775,5480
385.3,284324,5487
385.4,284873,5494
385.5,285422,5501
385.6,285973,5508
385.7,286524,5515
385.8,287076,5522
385.9,287628,5529
386,288181,5535
386.1,288735,5543
386.2,289290,5550
386.3,289845,5558
386.4,290402,5565
386.5,290959,5573
386.6,291516,5580
386.7,292075,5588
386.8,292634,5595
386.9,293194,5603
387,293754,5610
387.1,294316,5618
387.2,294878,5625
387.3,295441,5632
387.4,296004,5640
387.5,296569,5647
387.6,297134,5655
387.7,297700,5662
387.8,298266,5670
387.9,298834,5677
388,299402,5685
388.1,299970,5692
388.2,300540,5700
388.3,301110,5707
388.4,301682,5715
388.5,302253,5722
388.6,302826,5729
388.7,303399,5737
388.8,303973,5744
388.9,304548,5752
389,305124,5759
389.1,305700,5767
389.2,306277,5774
389.3,306855,5782
389.4,307433,5790
389.5,308013,5797
389.6,308593,5805
389.7,309174,5812
389.8,309755,5820
389.9,310338,5827
390,310921,5835
390.1,311505,5842
390.2,312089,5850
390.3,312675,5858
390.4,313261,5865
390.5,313848,5873
390.6,314435,5880
390.7,315024,5888
390.8,315613,5895
390.9,316203,5903
391,316794,5911
391.1,317385,5918
391.2,317977,5926
391.3,318570,5933
391.4,319164,5941
391.5,319758,5948
391.6,320353,5956
391.7,320949,5964
391.8,321546,5971
391.9,322144,5979
392,322742,5986
392.1,323341,5993
392.2,323941,6001
392.3,324541,6008
392.4,325142,6015
392.5,325744,6022
392.6,326347,6029
392.7,326950,6037
392.8,327554,6044
392.9,328159,6051
393,328764,6058
393.1,329370,6065
393.2,329977,6072
393.3,330585,6080
393.4,331193,6087
393.5,331802,6094
393.6,332412,6101
393.7,333022,6108
393.8,333633,6116
393.9,334245,6123
394,334858,6130
394.1,335471,6137
394.2,336085,6144
394.3,336700,6151
394.4,337316,6159
394.5,337932,6166
394.6,338549,6173
394.7,339167,6180
394.8,339785,6187
394.9,340404,6195
395,341024,6202
395.1,341644,6209
395.2,342266,6217
395.3,342888,6224
395.4,343511,6231
395.5,344134,6239
395.6,344758,6246
395.7,345383,6254
395.8,346009,6261
395.9,346636,6269
396,347263,6276
396.1,347891,6283
396.2,348519,6291
396.3,349149,6298
396.4,349779,6306
396.5,350410,6313
396.6,351042,6321
396.7,351674,6328
396.8,352307,6335
396.9,352941,6343
397,353576,6350
397.1,354211,6358
397.2,354847,6365
397.3,355484,6372
397.4,356122,6380
397.5,356760,6387
397.6,357399,6395
397.7,358039,6402
397.8,358680,6410
397.9,359321,6417
398,359963,6424
398.1,360606,6432
398.2,361250,6440
398.3,361894,6447
398.4,362539,6455
398.5,363185,6462
398.6,363832,6470
398.7,364479,6478
398.8,365127,6485
398.9,365776,6493
399,366426,6500
399.1,367076,6508
399.2,367727,6515
399.3,368379,6523
399.4,369032,6531
399.5,369685,6538
399.6,370339,6546
399.7,370994,6553
399.8,371650,6561
399.9,372307,6569
400,372964,6576
400.1,373622,6584
400.2,374281,6591
400.3,374940,6599
400.4,375600,6607
400.5,376261,6614
400.6,376923,6622
400.7,377586,6629
400.8,378249,6637
400.9,378913,6645
401,379578,6652
401.1,380244,6660
401.2,380910,6668
401.3,381577,6676
401.4,382245,6684
401.5,382914,6692
401.6,383584,6700
401.7,384254,6709
401.8,384925,6717
401.9,385597,6725
402,386270,6733
402.1,386944,6741
402.2,387618,6749
402.3,388294,6757
402.4,388970,6765
402.5,389647,6773
402.6,390324,6781
402.7,391003,6789
402.8,391682,6797
402.9,392362,6805
403,393043,6813
403.1,393725,6821
403.2,394408,6829
403.3,395091,6837
403.4,395775,6846
403.5,396460,6854
403.6,397146,6862
403.7,397832,6870
403.8,398520,6878
403.9,399208,6886
404,399897,6894
404.1,400587,6902
404.2,401277,6911
404.3,401969,6919
404.4,402661,6928
404.5,403354,6936
404.6,404049,6945
404.7,404743,6953
404.8,405439,6962
404.9,406136,6970
405,406833,6979
405.1,407531,6987
405.2,408231,6995
405.3,408931,7004
405.4,409631,7012
405.5,410333,7021
405.6,411036,7029
405.7,411739,7038
405.8,412443,7046
405.9,413148,7055
406,413854,7063
406.1,414561,7072
406.2,415268,7080
406.3,415977,7089
406.4,416686,7097
406.5,417396,7106
406.6,418107,7114
406.7,418819,7122
406.8,419532,7131
406.9,420245,7139
407,420960,7148
407.1,421675,7156
407.2,422391,7163
407.3,423108,7171
407.4,423825,7179
407.5,424543,7187
407.6,425262,7195
407.7,425982,7202
407.8,426703,7210
407.9,427424,7218
408,428146,7226
408.1,428869,7234
408.2,429593,7241
408.3,430318,7249
408.4,431043,7257
408.5,431769,7265
408.6,432496,7272
408.7,433224,7280
408.8,433952,7288
408.9,434681,7296
409,435411,7304
409.1,436142,7311
409.2,436873,7319
409.3,437606,7327
409.4,438339,7335
409.5,439073,7343
409.6,439807,7350
409.7,440543,7358
409.8,441279,7366
409.9,442016,7374
410,442754,7381
410.1,443492,7389
410.2,444232,7396
410.3,444972,7404
410.4,445712,7411
410.5,446454,7419
410.6,447196,7426
410.7,447939,7433
410.8,448683,7441
410.9,449427,7448
411,450172,7456
411.1,450918,7463
411.2,451665,7470
411.3,452412,7478
411.4,453160,7485
411.5,453909,7493
411.6,454659,7500
411.7,455409,7507
411.8,456160,7515
411.9,456912,7522
412,457665,7530
412.1,458418,7537
412.2,459172,7544
412.3,459927,7552
412.4,460683,7559
412.5,461439,7567
412.6,462196,7574
412.7,462954,7581
412.8,463712,7589
412.9,464472,7596
413,465232,7604
413.1,465992,7611
413.2,466754,7618
413.3,467516,7625
413.4,468279,7632
413.5,469042,7639
413.6,469806,7646
413.7,470571,7652
413.8,471337,7659
413.9,472103,7666
414,472870,7673
414.1,473638,7680
414.2,474406,7687
414.3,475175,7694
414.4,475945,7701
414.5,476715,7708
414.6,477487,7715
414.7,478258,7722
414.8,479031,7729
414.9,479804,7736
415,480578,7743
415.1,481353,7750
415.2,482128,7757
415.3,482904,7764
415.4,483681,7771
415.5,484458,7778
415.6,485237,7785
415.7,486015,7792
415.8,486795,7799
415.9,487575,7806
416,488356,7813
416.1,489138,7819
416.2,489920,7826
416.3,490703,7833
416.4,491487,7840
416.5,492271,7846
416.6,493056,7853
416.7,493841,7860
416.8,494628,7866
416.9,495415,7873
417,496202,7880
417.1,496991,7887
417.2,497780,7893
417.3,498569,7900
417.4,499360,7907
417.5,500151,7913
417.6,500942,7920
417.7,501735,7927
417.8,502528,7934
417.9,503322,7940
418,504116,7947
418.1,504911,7954
418.2,505707,7960
418.3,506503,7967
418.4,507300,7974
418.5,508098,7981
418.6,508896,7987
418.7,509695,7994
418.8,510495,8001
418.9,511295,8007
419,512096,8014
419.1,512898,8021
419.2,513701,8027
419.3,514504,8033
419.4,515307,8040
419.5,516112,8046
419.6,516916,8052
419.7,517722,8059
419.8,518528,8065
419.9,519335,8071
420,520142,8078
420.1,520950,8084
420.2,521759,8090
420.3,522568,8097
420.4,523378,8103
420.5,524189,8109
420.6,525000,8116
420.7,525812,8122
420.8,526625,8128
420.9,527438,8135
421,528252,8141
421.1,529066,8147
421.2,529881,8154
421.3,530697,8160
421.4,531513,8166
421.5,532330,8173
421.6,533148,8179
421.7,533966,8185
421.8,534785,8192
421.9,535604,8198
422,536424,8204
422.1,537245,8211
422.2,538067,8218
422.3,538889,8225
422.4,539712,8231
422.5,540535,8238
422.6,541359,8245
422.7,542184,8252
422.8,543009,8258
422.9,543836,8265
423,544662,8272
423.1,545490,8279
423.2,546318,8285
423.3,547147,8292
423.4,547977,8299
423.5,548807,8305
423.6,549638,8312
423.7,550469,8319
423.8,551301,8326
423.9,552134,8332
424,552968,8339
424.1,553802,8346
424.2,554637,8353
424.3,555473,8359
424.4,556309,8366
424.5,557146,8373
424.6,557984,8380
424.7,558822,8386
424.8,559661,8393
424.9,560500,8400
425,561341,8407
425.1,562182,8417
425.2,563024,8427
425.3,563867,8437
425.4,564712,8448
425.5,565557,8458
425.6,566403,8468
425.7,567250,8478
425.8,568099,8489
425.9,568948,8499
426,569799,8509
426.1,570650,8519
426.2,571502,8530
426.3,572356,8540
426.4,573210,8550
426.5,574066,8560
426.6,574923,8571
426.7,575780,8581
426.8,576639,8591
426.9,577498,8601
427,578359,8612
427.1,579221,8622
427.2,580083,8632
427.3,580947,8642
427.4,581812,8653
427.5,582678,8663
427.6,583544,8673
427.7,584412,8684
427.8,585281,8694
427.9,586151,8704
428,587022,8714
428.1,587894,8722
428.2,588766,8730
428.3,589640,8738
428.4,590514,8746
428.5,591389,8754
428.6,592265,8762
428.7,593142,8770
428.8,594019,8778
428.9,594897,8786
429,595776,8794
429.1,596656,8802
429.2,597537,8810
429.3,598418,8818
429.4,599300,8826
429.5,600183,8834
429.6,601067,8842
429.7,601952,8850
429.8,602837,8858
429.9,603723,8866
430,604610,8874
430.1,605498,8882
430.2,606387,8890
430.3,607276,8898
430.4,608166,8906
430.5,609057,8914
430.6,609949,8922
430.7,610842,8930
430.8,611735,8938
430.9,612629,8946
431,613524,8954
431.1,614420,8961
431.2,615317,8968
431.3,616214,8976
431.4,617112,8983
431.5,618010,8990
431.6,618910,8997
431.7,619810,9005
431.8,620711,9012
431.9,621612,9019
432,622514,9026
432.1,623417,9034
432.2,624321,9041
432.3,625226,9048
432.4,626131,9055
432.5,627037,9063
432.6,627943,9070
432.7,628851,9077
432.8,629759,9084
432.9,630668,9092
433,631577,9099
433.1,632487,9106
433.2,633398,9113
433.3,634310,9121
433.4,635222,9128
433.5,636136,9135
433.6,637049,9142
433.7,637964,9150
433.8,638879,9157
433.9,639795,9164
434,640712,9171
434.1,641630,9178
434.2,642548,9185
434.3,643467,9192
434.4,644386,9199
434.5,645306,9205
434.6,646227,9212
434.7,647149,9219
434.8,648071,9226
434.9,648994,9232
435,649918,9239
435.1,650842,9246
435.2,651767,9253
435.3,652692,9260
435.4,653619,9266
435.5,654546,9273
435.6,655473,9280
435.7,656402,9287
435.8,657331,9294
435.9,658260,9300
436,659191,9307
436.1,660122,9314
436.2,661054,9321
436.3,661986,9327
436.4,662919,9334
436.5,663853,9341
436.6,664787,9348
436.7,665722,9355
436.8,666658,9361
436.9,667595,9368
437,668532,9375
437.1,669470,9382
437.2,670408,9388
437.3,671347,9395
437.4,672287,9402
437.5,673228,9408
437.6,674169,9415
437.7,675111,9421
437.8,676053,9428
437.9,676996,9435
438,677940,9441
438.1,678884,9448
438.2,679830,9455
438.3,680775,9461
438.4,681722,9468
438.5,682669,9474
438.6,683617,9481
438.7,684565,9488
438.8,685514,9494
438.9,686464,9501
439,687415,9508
439.1,688366,9514
439.2,689317,9521
439.3,690270,9528
439.4,691223,9534
439.5,692177,9541
439.6,693131,9547
439.7,694086,9554
439.8,695042,9561
439.9,695998,9567
440,696955,9574
440.1,697913,9580
440.2,698871,9587
440.3,699830,9593
440.4,700790,9600
440.5,701750,9606
440.6,702711,9613
440.7,703673,9619
440.8,704635,9626
440.9,705598,9632
441,706562,9639
441.1,707526,9645
441.2,708491,9652
441.3,709456,9658
441.4,710423,9665
441.5,711389,9671
441.6,712357,9678
441.7,713325,9684
441.8,714294,9691
441.9,715263,9697
442,716233,9704
442.1,717204,9710
442.2,718175,9717
442.3,719147,9723
442.4,720120,9730
442.5,721093,9736
442.6,722067,9743
442.7,723042,9749
442.8,724017,9756
442.9,724993,9762
443,725969,9769
443.1,726946,9775
443.2,727924,9782
443.3,728902,9788
443.4,729882,9794
443.5,730861,9800
443.6,731842,9807
443.7,732823,9813
443.8,733804,9819
443.9,734786,9825
444,735769,9832
444.1,736753,9838
444.2,737737,9844
444.3,738722,9851
444.4,739707,9857
444.5,740693,9863
444.6,741680,9869
444.7,742667,9876
444.8,743655,9882
444.9,744643,9888
445,745632,9894
445.1,746622,9901
445.2,747613,9907
445.3,748604,9913
445.4,749595,9920
445.5,750587,9926
445.6,751580,9932
445.7,752574,9938
445.8,753568,9945
445.9,754563,9951
446,755558,9957
446.1,756554,9963
446.2,757551,9970
446.3,758548,9976
446.4,759546,9982
446.5,760545,9989
446.6,761544,9995
446.7,762544,10001
446.8,763544,10007
446.9,764545,10014
447,765547,10020
447.1,766549,10026
447.2,767552,10032
447.3,768556,10039
447.4,769560,10045
447.5,770565,10051
447.6,771570,10057
447.7,772576,10064
447.8,773583,10070
447.9,774590,10076
448,775598,10083
448.1,776607,10089
448.2,777616,10095
448.3,778626,10101
448.4,779636,10108
448.5,780647,10114
448.6,781659,10120
448.7,782671,10126
448.8,783684,10133
448.9,784698,10139
449,785712,10145
449.1,786727,10152
449.2,787742,10158
449.3,788758,10164
449.4,789775,10170
449.5,790792,10177
449.6,791810,10183
449.7,792829,10189
449.8,793848,10195
449.9,794868,10202
450,795889,10208
450.1,796909,10214
450.2,797931,10220
450.3,798953,10226
450.4,799976,10232
450.5,801000,10239
450.6,802024,10245
450.7,803049,10251
450.8,804074,10257
450.9,805100,10263
451,806127,10270
451.1,807154,10276
451.2,808182,10282
451.3,809210,10288
451.4,810239,10295
451.5,811269,10301
451.6,812300,10307
451.7,813331,10313
451.8,814362,10320
451.9,815395,10326
452,816428,10332
452.1,817461,10338
452.2,818495,10345
452.3,819530,10351
452.4,820565,10357
452.5,821601,10363
452.6,822638,10370
452.7,823675,10376
452.8,824713,10382
452.9,825752,10388
453,826791,10395
453.1,827831,10401
453.2,828871,10407
453.3,829912,10413
453.4,830954,10419
453.5,831996,10425
453.6,833039,10431
453.7,834082,10437
453.8,835126,10443
453.9,836170,10449
454,837216,10455
454.1,838261,10461
454.2,839308,10467
454.3,840355,10473
454.4,841402,10479
454.5,842451,10485
454.6,843499,10491
454.7,844549,10497
454.8,845599,10503
454.9,846649,10509
455,847700,10515
455.1,848752,10521
455.2,849805,10527
455.3,850858,10533
455.4,851911,10539
455.5,852965,10545
455.6,854020,10551
455.7,855076,10557
455.8,856132,10563
455.9,857188,10569
456,858245,10575
456.1,859304,10580
456.2,860362,10586
456.3,861421,10591
456.4,862480,10597
456.5,863540,10603
456.6,864601,10608
456.7,865662,10614
456.8,866723,10620
456.9,867786,10625
457,868849,10631
457.1,869912,10637
457.2,870976,10642
457.3,872040,10648
457.4,873105,10654
457.5,874171,10659
457.6,875237,10665
457.7,876304,10671
457.8,877371,10676
457.9,878439,10682
458,879508,10688
458.1,880577,10693
458.2,881646,10699
458.3,882717,10705
458.4,883787,10710
458.5,884859,10716
458.6,885931,10722
458.7,887003,10727
458.8,888076,10733
458.9,889150,10739
459,890224,10744
459.1,891298,10750
459.2,892374,10756
459.3,893450,10761
459.4,894526,10767
459.5,895603,10773
459.6,896681,10778
459.7,897759,10784
459.8,898837,10790
459.9,899917,10795
460,900996,10801
460.1,902077,10807
460.2,903158,10812
460.3,904239,10818
460.4,905321,10824
460.5,906404,10829
460.6,907487,10835
460.7,908571,10841
460.8,909655,10846
460.9,910740,10852
461,911826,10858
461.1,912912,10863
461.2,913998,10869
461.3,915086,10875
461.4,916173,10880
461.5,917262,10886
461.6,918350,10892
461.7,919440,10897
461.8,920530,10903
461.9,921621,10909
462,922712,10914
462.1,923803,10920
462.2,924896,10926
462.3,925988,10931
462.4,927082,10937
462.5,928176,10943
462.6,929270,10948
462.7,930366,10954
462.8,931461,10960
462.9,932558,10965
463,933654,10971
463.1,934752,10977
463.2,935850,10982
463.3,936948,10988
463.4,938047,10994
463.5,939147,10999
463.6,940247,11005
463.7,941348,11011
463.8,942449,11016
463.9,943551,11022
464,944654,11028
464.1,945757,11033
464.2,946860,11039
464.3,947965,11045
464.4,949069,11050
464.5,950175,11056
464.6,951280,11062
464.7,952387,11067
464.8,953494,11073
464.9,954602,11079
465,955710,11084
465.1,956819,11091
465.2,957928,11096
465.3,959038,11102
465.4,960149,11107
465.5,961260,11113
465.6,962371,11118
465.7,963483,11124
465.8,964596,11129
465.9,965709,11135
466,966823,11140
466.1,967937,11146
466.2,969052,11151
466.3,970167,11157
466.4,971283,11162
466.5,972400,11168
466.6,973517,11173
466.7,974634,11179
466.8,975753,11184
466.9,976871,11190
467,977991,11195
467.1,979110,11201
467.2,980231,11206
467.3,981352,11212
467.4,982473,11217
467.5,983595,11223
467.6,984718,11228
467.7,985841,11234
467.8,986964,11239
467.9,988089,11245
468,989213,11251
468.1,990339,11257
468.2,991465,11263
468.3,992592,11270
468.4,993719,11276
468.5,994847,11283
468.6,995975,11289
468.7,997105,11296
468.8,998235,11302
468.9,999365,11309
469,1000496,11315
469.1,1001628,11322
469.2,1002761,11328
469.3,1003894,11335
469.4,1005028,11341
469.5,1006162,11348
469.6,1007297,11354
469.7,1008433,11361
469.8,1009570,11367
469.9,1010707,11374
470,1011844,11380
470.1,1012983,11387
470.2,1014122,11393
470.3,1015261,11400
470.4,1016402,11406
470.5,1017543,11413
470.6,1018684,11419
470.7,1019826,11426
470.8,1020969,11432
470.9,1022113,11439
471,1023257,11445
471.1,1024402,11451
471.2,1025547,11457
471.3,1026693,11464
471.4,1027840,11470
471.5,1028987,11476
471.6,1030135,11482
471.7,1031284,11488
471.8,1032433,11494
471.9,1033583,11501
472,1034733,11507
472.1,1035884,11513
472.2,1037036,11519
472.3,1038188,11525
472.4,1039341,11531
472.5,1040494,11537
472.6,1041648,11544
472.7,1042803,11550
472.8,1043958,11556
472.9,1045114,11562
473,1046270,11568
473.1,1047427,11574
473.2,1048585,11580
473.3,1049744,11587
473.4,1050903,11593
473.5,1052062,11599
473.6,1053222,11605
473.7,1054383,11611
473.8,1055545,11617
473.9,1056707,11623
474,1057869,11630
474.1,1059032,11636
474.2,1060196,11642
474.3,1061361,11647
474.4,1062526,11653
474.5,1063691,11659
474.6,1064857,11664
474.7,1066024,11670
474.8,1067191,11676
474.9,1068359,11682
475,1069528,11687
475.1,1070697,11693
475.2,1071866,11699
475.3,1073036,11704
475.4,1074207,11710
475.5,1075379,11716
475.6,1076550,11722
475.7,1077723,11727
475.8,1078896,11733
475.9,1080069,11739
476,1081244,11744
476.1,1082418,11750
476.2,1083594,11756
476.3,1084770,11762
476.4,1085946,11767
476.5,1087123,11773
476.6,1088301,11779
476.7,1089479,11785
476.8,1090658,11790
476.9,1091837,11796
477,1093017,11802
477.1,1094197,11807
477.2,1095378,11813
477.3,1096560,11819
477.4,1097742,11825
477.5,1098925,11830
477.6,1100108,11836
477.7,1101292,11842
477.8,1102476,11847
477.9,1103661,11853
478,1104847,11859
478.1,1106033,11865
478.2,1107220,11870
478.3,1108407,11876
478.4,1109595,11882
478.5,1110784,11887
478.6,1111973,11893
478.7,1113162,11899
478.8,1114352,11905
478.9,1115543,11910
479,1116734,11916
479.1,1117926,11922
479.2,1119119,11928
479.3,1120312,11933
479.4,1121505,11939
479.5,1122700,11945
479.6,1123894,11950
479.7,1125090,11956
479.8,1126286,11962
479.9,1127482,11968
480,1128679,11973
480.1,1129876,11978
480.2,1131075,11983
480.3,1132273,11989
480.4,1133472,11994
480.5,1134672,11999
480.6,1135872,12005
480.7,1137073,12010
480.8,1138274,12015
480.9,1139476,12020
481,1140678,12026
481.1,1141881,12031
481.2,1143084,12036
481.3,1144288,12042
481.4,1145493,12047
481.5,1146698,12052
481.6,1147903,12058
481.7,1149109,12063
481.8,1150316,12068
481.9,1151523,12073
482,1152730,12079
482.1,1153939,12084
482.2,1155147,12089
482.3,1156356,12095
482.4,1157566,12100
482.5,1158776,12105
482.6,1159987,12110
482.7,1161198,12116
482.8,1162410,12121
482.9,1163623,12126
483,1164836,12132
483.1,1166049,12137
483.2,1167263,12142
483.3,1168477,12147
483.4,1169692,12152
483.5,1170908,12157
483.6,1172124,12162
483.7,1173340,12167
483.8,1174557,12173
483.9,1175775,12178
484,1176993,12183
484.1,1178211,12188
484.2,1179430,12193
484.3,1180650,12198
484.4,1181870,12203
484.5,1183090,12208
484.6,1184311,12213
484.7,1185533,12218
484.8,1186755,12223
484.9,1187977,12228
485,1189200,12233
485.1,1190424,12238
485.2,1191648,12243
485.3,1192872,12248
485.4,1194097,12253
485.5,1195323,12258
485.6,1196549,12263
485.7,1197776,12268
485.8,1199003,12273
485.9,1200230,12278
486,1201458,12283
486.1,1202687,12288
486.2,1203916,12293
486.3,1205145,12298
486.4,1206375,12303
486.5,1207606,12308
486.6,1208837,12313
486.7,1210069,12318
486.8,1211301,12323
486.9,1212533,12328
487,1213766,12333
487.1,1215000,12338
487.2,1216234,12343
487.3,1217469,12348
487.4,1218704,12353
487.5,1219939,12358
487.6,1221175,12363
487.7,1222412,12368
487.8,1223649,12374
487.9,1224887,12379
488,1226125,12384
488.1,1227363,12389
488.2,1228602,12394
488.3,1229842,12399
488.4,1231082,12404
488.5,1232323,12409
488.6,1233564,12414
488.7,1234806,12419
488.8,1236048,12424
488.9,1237290,12429
489,1238533,12434
489.1,1239777,12439
489.2,1241021,12444
489.3,1242266,12449
489.4,1243511,12454
489.5,1244757,12459
489.6,1246003,12464
489.7,1247249,12469
489.8,1248497,12474
489.9,1249744,12479
490,1250992,12484
